Source_id,Sentence_en
1,We can see that the output has been successfully installed successfully .
2,""" But I say unto you , I will come , that ye may be able to thee : """
3,"Next , we will click on the drop-down button ."
4,"Again , we have 1 to 1 1 , 1 1 1 1 . 1 1 . 1 1 . 1 1 . 1 1 . 1 ."
5,""" And when I heard , and came to pass , and came to pass , and came to him , and came , and came to him , and came to him , and came to him , """
6,We can see that we have learnt about the admin dashboard in the dashboard .
7,Child has affection in you all .
8,""" In this lesson , you will be able to your eyes . """
9,""" But when ye heard , that ye should not , nor , nor , nor , nor , nor , nor , nor , nor , nor , nor , nor to be of God , and to him , that ye may be to be to him . """
10,""" Again of the body , which is the , of the body of the body of the body , "" etc , "" etc , "" etc , "" etc , "" etc , "" etc , "" etc , "" etc , "" etc , "" etc . """
11,They both must speak .
12,We both the conch .
13,"To do so , we will click on the back to the floor and click on the floor ."
14,"Next , we will click on the Panel of the drop-down ."
15,Again click on the Panel tab .
16,We have created a static method here here .
17,""" The whole body , the whole body , """
18,These are drums .
19,"Apache , Apache and PHP obtained ."
20,"Here , we can see our our body ."
21,You please write to sing .
22,1 1 .
23,We can we can see that we need to the .
24,""" Again : One who is not equal to 10 , nor , nor , nor etc . """
25,""" After studying this lesson , we will be able to be true , """
26,""" You can be able to your body , plants , etc , etc , etc , etc etc . """
27,We will be able to sing .
28,Boy displays affection in you .
29,""" For we have heard , that we may be able to : """
30,"In this tutorial , we will type :"
31,"To record this tutorial , we have learnt :"
32,""" And the whole body , and came , and came , and came , and came , and came , and came , and came , and came , and came , and came , and , and the , and , and , and , and , and , and , and , and , and , and , and , and"
33,I will select Filters select the option dialog box appears and select it is selected .
34,"Next , we will come back to the ."
35,These are many varieties in plants and plants .
36,""" Now , I will come to pass , that ye should not , that ye should not , that ye should not , that ye should not , nor , nor . """
37,""" The leaves is used in the form of the body , plants , plants etc . """
38,""" And when we have heard , and came to him , and came to him , and came to him , and came to him , and to him , and to him , """
39,""" Again , we will be able to the floor . """
40,"Ring finger , Ring finger , Middle finger ."
41,We will get familiar .
42,""" Again , we will be able to : """
43,"With this , we come to the end of this tutorial ."
44,These are used in the path .
45,We both will be able to the . .
46,"So , we will check equal to : * equal to 10 ."
47,"For more details , please write to contact ."
48,"Now , let ' s open a new window ."
49,"When I say , I will click on the layer mask ."
50,These are sites to sing .
51,Welcome to Meet on the GIMP .
52,This is a static to a static variables .
53,We can see that we have been successfully .
54,We can see that we need to print the output is displayed .
55,"Now , let us see how to add a web browser ."
56,These are horses .
57,We all obtain cloth .
58,"So , I will type a new question mark ."
59,""" To enhance , a Purchase Order , and a great city . """
60,""" And when they came to pass , and came to pass , and came to him , and came to him , and came to him , and came to him , """
61,We have the two blank boxes adjacent .
62,Click on OK .
63,Let us go back to the .
64,We can see that the output is true .
65,""" But when we are many varieties in the , of the world , """
66,""" : One who is the four of the four quarters ."
67,"If you will not be able to you , you will not be able to download ."
68,""" Again , we have learnt about : """
69,""" Again , we will be able to the floor . """
70,Type the value of the value of the is less than 40 .
71,Priest is the path .
72,Is establishing .
73,Change the Variable Name field .
74,Here is here .
75,We will come here here .
76,""" But when we will be a new , as a new of God , that we may be able to a new of God , that ye may be able to a new of God . """
77,"So , let us switch back to slides ."
78,Let us see it to the end of the . .
79,Is establishing .
80,Is this ?
81,""" After studying this lesson , you will be able to be able to the . """
82,""" Again the whole body , bend the head , and the head to the floor . """
83,We will now define a new method .
84,She liked is the .
85,""" But if any man not , nor not , nor , nor not , nor , nor not , nor , nor not , nor , nor not , nor , nor not , nor , nor not , nor , nor not , nor , nor not , nor not , nor not , nor . """
86,""" But , we will be able to : """
87,4 . What is the cowshed of plants and plants .
88,"So , I will enter the option blank boxes adjacent ."
89,We have created a rectangle .
90,This is a tree .
91,"In this tutorial , we learnt about : * we learnt about :"
92,""" Again , we will be able to : """
93,This tutorial has been contributed by DesiCrew Solutions Pvt .
94,"Now , we have to the Koha installed successfully installed ."
95,These are many varieties .
96,Click on the Update button at the bottom of the window .
97,Who is the brave ?
98,She liked .
99,We can see that a new user has been contributed by clicking on a new window or a new window .
100,""" Again , we will be able to be initialized to : """
101,""" Again , I say unto you , I say unto you , I will not , nor , and ye shall not be with you . """
102,We can also learn about the various components .
103,""" And he said unto them , he went into his disciples , and he went into the . """
104,""" And he said unto him , he said unto him , he sent him , and he sent him , and he sent me . """
105,Let us go to the text editor .
106,We can see that we have successfully installed successfully installed successfully installed successfully .
107,These are horses .
108,Krishna is is the competition .
109,The fruit is the path .
110,Who are two ?
111,Click on the Update button at the bottom of the window .
112,She liked .
113,""" And when we heard them , and came unto them , and came unto them , and came to him , and came to them , and came to them . """
114,There are there are there are some .
115,Now we have to add a static method .
116,Let us go back to the end of the . .
117,Now press Enter Enter dot slash press Enter . Press Enter Enter press Enter .
118,We can also learn how to identify and Sales Pricing .
119,"Next , we will print the print statement will be initialized to print the print statement ."
120,""" But when we heard , when we heard , when we heard , we have heard of God , that we have heard of God : """
121,"But , we can see the same method , type : Ubuntu Linux 12 ."
122,Now we can see that we can see that we can see the end of the .
123,""""
124,We can see that the output is true .
125,This is because we can invoke the end of the command .
126,You please .
127,What is the ? ?
128,"Now , let us see the application of the application ."
129,"From , we will type www . 7 ."
130,Now we can see the output .
131,This is the body of the body to the body .
132,"In this tutorial , we have learnt about AWK ' nested ' ' ' ' ' ' ' ' ' ' ' ' ' ' ' ' ' ' ' ' ' ' ' ' ' ' ' ' ' ' ' ' ' ' ' ' ' ' ' ' ' ' ' ' ' ' ' ' ' ' ' ' '"
133,We can also learn about the characters in the characters .
134,We can see that the output is displayed .
135,Now let ' s come back to it .
136,D . D .
137,Here we can see that we are directory .
138,We both liked to sing .
139,This is a part of the value of the value of the value of the value of the .
140,We can see that we can see the output .
141,We both must speak .
142,We will also add a string method .
143,And when we have a program .
144,• Keep the legs apart with the legs apart with the floor .
145,These are there is a part of your body .
146,Krishna is Krishna .
147,The Spoken Tutorial Project Team has been contributed by using spoken tutorial .
148,Spoken Tutorial project is a part of the Talk to a Teacher Talk to a Teacher project .
149,"Koha , a Koha Library Library ."
150,""" And when they came to him , and came to him , and came to him , and came to him , and came to him , and came to him , and came to him , and came to him , and came to him , and came to him , and came to him , and came to him , and"
151,Go to your Moodle site .
152,You your your your your your Moodle .
153,And when we have a string in the . .
154,This is available at the following link .
155,"However , Internet Explorer inconsistencies , Internet Explorer inconsistencies . inconsistencies ."
156,"Now , type : ls space minus press Enter ."
157,Let us understand the name of the . .
158,""" To enhance , we will be able to thee : """
159,Let us resize the back .
160,""" Again , brethren , brethren , brethren , brethren , we have seen to thee : """
161,""" Again , hypocrites , , , , hypocrites , , , , , , , , , , , , , , , , , , , , , , , etc , etc , etc , etc , etc , etc , etc , etc , etc , etc , etc , etc , etc , etc , etc , etc ,"
162,""" But woe , not , but , but , but , but , but , but , but , but , but , but , but , but , but , but , but , but , but , but , but , but , but , but , but , but , but , but , but , but , nor not"
163,May I speak .
164,We can see the output from an array to 10 .
165,We have created a new question mark .
166,The first is is the path of the .
167,""" In this lesson , we will be able to 10 . """
168,We can see the output . txt file .
169,""" And Jesus answering said unto him , and said unto him , Thou shalt , and said unto him , Thou shalt , and said unto them . """
170,The : One who is the enjoyer of the path .
171,"So , I can change the here and I can change the here ."
172,"From , we will type : 1st equal to 0 . 0 ."
173,""" Then Jesus said unto them , Verily , and said unto them , I say unto them , """
174,""" But when he was a man , which was a man , that he is not , that he might be true : """
175,Now we will see how to our Library .
176,"Now , click on the Panel of the drop-down box ."
177,We will click on the search engine .
178,"The next line is displayed in the drop-down , we can see that the value is displayed in the course is stored in the course ."
179,These are horses .
180,Today is a ball .
181,Welcome to the spoken tutorial on Taxes .
182,"Next , we can see that we can see that we can see that we have been successfully installed successfully ."
183,That is a jewel .
184,"So , I will leave it is to be to it ."
185,"Now , we can see the value of the array statement is true ."
186,3 . Why we will be able to our body .
187,""" The first , we will be able to their lips . """
188,"So , I will click on it ."
189,""" And when I say unto you , I say unto you , I say unto you , I will come to thee : """
190,""" After this , you will come back to the floor . """
191,Spoken Tutorial project is a part of the Talk to a Teacher Talk to a Teacher project .
192,The Spoken Tutorial Project Team conducts workshops using spoken tutorials .
193,""" But when we are not , but , but , but , but , but , but , but , but , but , but , but , but , but , but , but , but , but , but , but , but of God , but the kingdom of God , but the world of God . """
194,""" The : One who is is a part of the . """
195,We will get the back to the right side of the window .
196,We both must speak .
197,These are many varieties .
198,""" To enhance , and came , and came , and came , and came , and came , and , him , and of the , and of the , and of the , and of the , and of the . """
199,"So , I can select a new line , I will select a new line , I will select the value of the layer mask ."
200,""" : One who is the four of the four quarters ."
201,We can also learn about some examples of various components .
202,"Now , let us add a new question mark ."
203,These are horses .
204,""" And when they were him , and came from the , of the , of the , of God . """
205,""" But woe , brethren , brethren , nor , but , nor , nor , nor , nor , and , nor , nor , nor , nor , nor , nor , nor , nor , nor , nor , nor , nor , nor , nor , nor , nor , nor , nor , nor , nor , nor ,"
206,The first is not equal to be initialized .
207,"Now , let ' s open a new user account ' s ' and ' s ' ."
208,Now click on the Selector tool .
209,I will give clay .
210,""" In this lesson , you will be able to your concentration . """
211,Now we will check the method showOrgData method showOrgData method .
212,"From the drop-down menu , click on the drop-down menu ."
213,We can see the output from the drop-down box appears .
214,Here we will type : Ubuntu . 0 . 0 . 0 . 0 . 0 . 0 . 0 . 0 . 0 . 0 . 0 .
215,This tutorial has been contributed by DesiCrew Solutions Pvt .
216,The next option is displayed .
217,""" Then Peter said unto them , What is said unto them , What is said , we have seen to the Lord of God . """
218,Boy has affection on those all .
219,The next option is a Purchase Order Entry .
220,""" Again , I say unto you , I will come unto you , I will come unto you , I will come unto you : """
221,Now you can see that you can see the output is true .
222,Child has affection in those all .
223,I will need to add a brief explanation .
224,""" But when I say unto you , but , I will not , but , but , nor , and not , nor , but , and not , nor , and not , nor , and not , nor , and not , nor , and not , nor , and not , nor , and not , nor , and not"
225,Tortoise : One who is the enjoyer of the .
226,It is a chance to a chance to a single .
227,We can see that the output has been successfully installed successfully .
228,""" Again , we will be able to the . """
229,"In the prompt , type : ls space minus press Enter ."
230,""" After studying this lesson , you will be able to your concentration . """
231,This is a Purchase Order Entry .
232,Is you ?
233,The next option is selected by default .
234,They are tail-feathers .
235,Here is the first method here .
236,""" But when we have heard , that ye might be with him , that ye might be with him , that ye might be with him , that ye might be with him , and that ye might be with him . """
237,There is not only one of the .
238,""" But woe unto him , and said unto them , I will come to the , of God , and of God : """
239,""" Again , relaxation , relaxation and continuously . """
240,""" Again , we can be able to a new of the . """
241,""" To enhance , you will be able to your concentration . """
242,""" To enhance , we are equal to 10 : Ubuntu 10 OS equal to 10 . """
243,What is the main between ?
244,We can see that we have successfully installed successfully installed successfully .
245,""" Again , we will be able to their lips . """
246,""" To enhance , brethren , brethren , brethren , brethren , brethren , and our Lord , and our Lord , and our Lord , and our Lord , and our Lord , and our Lord . """
247,""" Again , we are four paths , plants , plants , etc , etc , etc , etc , etc , etc , etc , etc , etc , etc , etc , etc , etc , etc , etc , etc , etc , etc , etc , etc , etc , etc , etc , etc . """
248,We can see that the output is displayed in the Desktop .
249,"The Spoken Tutorial Project Team conducts workshops using spoken tutorials , please visit our website ."
250,""" When they were the , of the , of the , of the , of the , and , "" "" "" "" "" "" "" "" "" "" "" "" "" "" "" "" "" "" "" "" "" "" "" "" "" "" "" "" "" "" "" "" "" "" "" "" "" "" "" "" "" . """
251,""" Again , we will be able to : """
252,These are horses .
253,"However , I will check any web browser in the web browser ."
254,""" And when we heard , a new of God , and said unto him , Thou shalt , and , of God , and came from the , of God . """
255,We will come back to the XAMPP .
256,v . .
257,""" The first , we will be able to """
258,"Next , click on the Koha ."
259,We can see the output is displayed .
260,""" For I say not , you , I will come to you , I will come to you . """
261,A new window opens .
262,And when we can see that we have been successfully installed successfully installed successfully installed .
263,"Here , we are checking in the string strname ."
264,They are tail-feathers .
265,"Now , click on OK ."
266,4 4 .
267,""" Again , we will be able to your hands , """
268,""" It has been contributed by DesiCrew Solutions Pvt . """
269,"In the right leg , you will be able to the right side of the ."
270,""" Again , we will be able to : """
271,""" And when we heard , and said unto them , saying , What is , What is called ? """
272,"So , we will type 2 . 2 ."
273,Let us go back to our terminal .
274,"Now , let us go back to the end of the window ."
275,""" Again , we have seen to the , of the kingdom , we have seen to : "" "" "" "" "" "" "" "" "" "" "" "" "" "" "" "" "" "" "" "" "" "" "" "" "" "" "" "" "" "" . "" , "" "" "" "" "" "" "" "" . """
276,Note that we will be able to our website .
277,""" After studying this lesson , we will be able to the . """
278,""" But when we had heard , that we have heard , that he had heard , that he had heard , that he had received him : """
279,This is used in the path .
280,"When , we will get a Purchase Order Entry ."
281,"So , I have a bit here and I want to it here ."
282,""" But not , nor , nor , nor , nor , nor not , nor , nor , nor , nor , nor , nor , nor , nor , nor , nor , nor , nor . """
283,This tutorial has been contributed method method .
284,We can see the output in the characters and run .
285,Let us see the code of code .
286,"1 . """
287,""" And when they said unto them , What is said unto them , What is said unto him , What is , What is not to thee ? """
288,""""
289,""" And when we came to pass , and came unto him , and came to him , and came unto them , """
290,"Now , let us go to the Save and run the Save ."
291,"In this tutorial , we learnt about : Ubuntu Linux to the course ."
292,""" Again , I say unto you , Thou shalt is not be to the kingdom of God . """
293,And I have to see the code of code .
294,We both will be able to the . .
295,""" And when they were him , and said unto him , and said unto him , Thou shalt , """
296,"Next , we will come back to the displayMessage method ."
297,"For , we have seen to print the values of the string ."
298,"File , we can see the output is displayed in the string , we can see the output is selected ."
299,""" Again we have seen , we are of our body , we have seen to our body . """
300,Let us go back to the terminal window .
301,""" For we have heard of the , of the , of the , of the , of God : """
302,""" And when he had seen , and , the , of the , of the , of the , of the . """
303,"Now , we can see a new user account in a new window ."
304,""" Again , we will be able to the floor . """
305,Scroll down and click on Save and click on Save button .
306,"Now , click on the drop-down menu ."
307,""" And when they went into the multitude of Jesus , and went into the multitude of Jesus , and went into the multitude of Jesus , """
308,We can also learn about the .
309,""" Again , we have heard of the , of God , which we have heard of God , and of God : """
310,""" Therefore , brethren , brethren , brethren , brethren , and said unto him , Thou shalt not , and , that ye shall be able to thee : """
311,And the path and select the path .
312,""" Again , What is a long , What is not ? """
313,Let ' s ' s ' s ' s ' s ' s ' .
314,"Now , let us go back to our slides ."
315,There are many varieties .
316,""" Again : One who is the of the , of the , of the , plants of the . """
317,""" Keep the whole body on the left hand side . """
318,""" And as they departed , and came to pass , and came to pass , and came to pass , and of the , of the , of God , and came unto them . """
319,""" While inhaling , bend the head of the head . """
320,The fruit of the .
321,""" I will not my Father , and my Father , and my Father , and my Father , and of my , and my Father . """
322,Those two are tail-feathers .
323,""" Again , you can be able to your concentration . """
324,With this lesson we have successfully installed successfully installed successfully .
325,"Now , let us go back to the ."
326,I will leave the a blank boxes .
327,Click on the drop-down menu .
328,"To record this tutorial , we are using : e . g ."
329,We will also learn about the and Distribute in the . .
330,This will be able to get the output .
331,""" To do so , I will be a new line , and it is not to the . ."
332,"Now , let ' s ' s ' s ' ."
333,We can see the path of the plants .
334,We can see that the name of the variable name is a variable name .
335,"Now , I will come to the layer mask and I can select the layer mask and I can select the layer mask ."
336,This is because we need to print it .
337,We both liked to sing .
338,Now we will type the main method .
339,Now click on the drop-down menu and click on the Panel .
340,""" But woe , when ye shall not , nor , nor , but , nor , nor , nor , nor , nor , nor , nor , nor , nor . """
341,We both liked to sing .
342,We can invoke static method method showOrgData method .
343,We can also learn about :
344,"For , we have to the end of the . ."
345,Jnana Yoga - Adi Shankaracharya
346,We will give a story .
347,""" And when he had said unto him , and said unto him , and came to him . """
348,""" Again , we will be able to the , of God . """
349,"So , I will type www ."
350,""" Again , we will be able to : "" "" "" "" "" "" "" "" "" "" "" "" "" "" "" "" "" "" "" "" "" "" "" "" "" "" "" "" "" "" "" "" "" "" "" "" "" "" "" "" "" "" "" "" "" "" "" . """
351,Now I will leave the blank boxes .
352,We will now we have a static method .
353,The first icon has been contributed by default .
354,"Now , let us see the output is true ."
355,You all obtain cloth .
356,"Lastly , click on Save button and click on Save button ."
357,Click on Site Administration . Click on the left panel .
358,When you will get a new page .
359,""" Again , we will be able to his own : """
360,We both will be Tuesday .
361,Again is a Purchase Order Entry .
362,There are many varieties are many varieties .
363,Click on the drop-down list of the drop-down here .
364,If not is not for the . .
365,""" Again , we have learnt about : "" "" "" "" "" "" "" "" "" "" "" "" "" "" "" "" "" "" "" "" "" "" "" "" "" "" "" "" "" "" "" "" "" "" "" "" "" "" "" "" "" "" "" "" "" "" "" "" "" "" "" "" . """
366,""" But when we have heard , and said unto them , What shall be able to be ? """
367,We can see that the output is 0 to 0 .
368,""" : One who is the enjoyer of the ."
369,""" Again , we are some of our body , we have seen in our body . """
370,The Spoken Tutorial Project Team is supported by the Panel of the Talk .
371,"Now , type : type :"
372,"From the drop-down , select the drop-down drop-down select the drop-down ."
373,We can see only one of the text editor .
374,""" But when we heard , brethren , brethren , brethren , brethren , and heard , that we have heard thee : """
375,"The first icon has been contributed by default , we can see only from 0 ."
376,I will select a new line to select the layer mask .
377,Boy displays affection in you .
378,""" No , not , nor , nor , nor of God , nor . """
379,Let us summarize .
380,A new is a new question to a new of the path .
381,These are there are .
382,"In the drop-down , click on the drop-down menu ."
383,""" But is the , of the , of the kingdom of the . """
384,""" Again , we will be judged , nor : for ye shall be condemned : """
385,We can see that the output is true .
386,"So , we will see the value of the value is not equal ."
387,"To record this tutorial ,"
388,Click on the drop-down list of the window .
389,""" is a part of nature of nature ."
390,Now let me resize a teacher .
391,Now we will get familiar .
392,Boy displays affection in you .
393,What is the ? ?
394,We can invoke a static method in a static method .
395,""" Again , we can be able to the kingdom of the , plants , plants etc . """
396,Here we can see the output is displayed .
397,We can now create a Purchase Order a Purchase Order and a static method .
398,Now we will learn how to create a static variables and a static method .
399,""" But when we are not , that we are not , nor , nor not , nor , nor not , nor , nor , nor not , nor . """
400,Here we can see the option of the can see here .
401,We will get familiar .
402,""" He is the , of the , of God . """
403,""" Again , we will be able to the search engine . """
404,This is a header file . .
405,""""
406,The fruit is a tree .
407,And there is a need to a new of the .
408,The first has been contributed by DesiCrew Solutions Pvt .
409,""" But when we have heard , we have heard , that we have heard of God : """
410,"Now , I will leave the layer mask you can select the layer mask . So , I will leave it ."
411,"Now we will type www . "" "" "" "" "" "" "" "" "" "" "" "" "" "" "" "" "" "" "" "" "" "" "" "" "" "" "" "" "" "" "" "" "" "" "" . """
412,This is a tree .
413,You will be able to sing .
414,""" And he spake of his disciples , and of his disciples , and of the , and of the , and of the , and of the , and of the , and of the , and of the , and of the , and of the , and of the , and of the , and of the , and of the"
415,""" To enhance , we will be able to our Lord , and came to him : """
416,Type the terminal and type : and press Enter .
417,""" Again , we have heard , we are absent in our hearts . """
418,Click on the course button at the bottom of the window .
419,""" But when we have heard , we have heard , nor , we have heard , nor to be true : """
420,"So , I will enter the main method , type main method ."
421,Then click on the Update button at the bottom of the window .
422,There are there are there .
423,"In this tutorial , we learnt about the various components ."
424,"Now , we can see the check-box of Mozilla Firefox web pages ."
425,""" But when I say unto you , I say unto you , I say unto you , I say unto you , I say unto you , I say unto you , I say unto you , I say unto you , I will come to thee : """
426,1 . Why ?
427,""" The God of God of God , and of God of God . """
428,""" But when we are not , nor , nor not , nor , nor not , nor , nor , nor , nor , nor , nor , nor , nor , nor , nor , nor to be shortened : """
429,TERMINAL QUESTIONS
430,I will click on the Panel .
431,""" The leaves will be used in the kingdom of nature . """
432,You can see the output from the condition .
433,""" Again , when we heard , when we have heard , , and said unto them , I will come unto you , and , I say unto you , I will come unto thee , and , that ye might be able to thee : """
434,Here is an assignment .
435,"Now , let us try to our slides ."
436,The Spoken Tutorial Project Team conducts workshops using Spoken Tutorials .
437,We get a Purchase Order Entry .
438,This is the practice of the body .
439,""" You can also learn about you can be able to you can , you can be able to you . """
440,"Again , we will get familiar from the ."
441,You all obtain cloth .
442,""" The word of God , that ye should not , nor , nor , nor , nor , nor , nor , nor , nor , nor , nor , nor , nor , nor , nor , nor , nor , nor , nor , nor , nor , nor , nor , nor , nor , nor , nor , and"
443,System . n = n plus 1 n plus 1 n plus 1 . n plus 1 . n plus 1 . n plus 1 . n plus 1 .
444,""" What is said unto them , What is not ? """
445,""" As an assignment , we will be able to your head . """
446,""" And when we came , and came , and came to him , and came to him , and came to him , and came to him , and came to him , and came to him , and came to him , and came to him , and came to him , and came to him , and came to him ,"
447,What is the ?
448,""" And as I say unto you , I say unto you , I say unto you , I say unto you , I say unto you , I say unto you , """
449,1 . 1 1 . 1 .
450,""" Again , we will be able to : """
451,"Open the terminal , Alt , Alt , Alt and keys simultaneously ."
452,We both must speak .
453,We have already written in our program . .
454,The next option is a new user to a new user .
455,We will be able to sing .
456,We both will come to the Panel .
457,We can see the value of the value of the value of the value of the value of the and b of the course of the .
458,""" But when they were not , but , nor not , but , nor not , and not , and not , and not , and not , and not , and not , and not , and not , and not , and not . """
459,"So , your timed queries to your admin ."
460,This is a soldier .
461,""" After studying this lesson , you will be able to improve . """
462,""" Again , Shalabhasana , Shalabhasana , hypocrites , hypocrites , hypocrites , hypocrites , hypocrites , hypocrites , liver , liver , liver , etc , etc , etc , etc , etc , etc , etc , etc , etc , etc , etc , etc , etc , etc , etc , etc , etc , etc , """
463,"For more details , please write to our website , please write to our website ."
464,"Now , press Enter , press Enter . Press Enter ."
465,They are tail-feathers .
466,""" Again : One who is the four of the four . """
467,our our file name is our . .
468,""" But I say unto you , I say unto you , I say unto you , I say unto you , I say unto you , I say unto you , I will come to thee : """
469,Now we will check the admin in the dashboard .
470,"Now , I will select the drop-down , select English ."
471,The Spoken Tutorial Project Team is a part of the Talk to a particular .
472,We will check the output from the request scope .
473,"So , I will click on the left hand side ."
474,""" But if we are not , the , of the , of the , of the . """
475,""" But I say unto you , I say unto you , I say unto you , I will come unto you , """
476,"So , we will get the to get a particular ."
477,""" But I say unto you , I will come , and , and , and , and , and , and , and , and , and , and , and , and , and , and , and , I will come , and I will come , and I will come , and I will come to thee , and I"
478,Is Dritarashtra ?
479,"Now , type the command prompt , press Enter . Press Enter ."
480,""" For we have heard of God , that we have heard of God , that ye should be condemned , and of God , that ye may be able to : """
481,I will leave doing salutation .
482,""" To enhance , hypocrites , , , , , , , , , , , , , , , , , , etc , etc , etc , etc , etc , etc , etc , etc , etc , etc , etc , etc , etc , etc , etc , etc , etc , etc . """
483,These are many varieties .
484,"Spoken Tutorial project is supported by NMEICT , MHRD , Government of India ."
485,"The next field , we will type the name of the name of the string . ."
486,""" But when we heard , we have heard , that we have heard of God , that we have heard of God : """
487,This is a Purchase Order Entry .
488,""" The people draweth , we will be able to their lips . """
489,""" And when they were him , and said unto them , Thou shalt , and came to pass , and came to pass , and of the , of God , and of the , of God : """
490,""" For we have heard , that we have heard of God , that we may be able to our God . """
491,""" Again , we will be able to : """
492,Useful : One who is the enjoyer of the .
493,This is the practice of the body on the left of the body .
494,""" The first of the is of nature , plants etc . """
495,""" Again , we can also learn to purification , you can be able to the . """
496,"To record this tutorial , we will type :"
497,We can see only the output from the .
498,Change the path .
499,""" Again , What is the ? of the ? """
500,Boy displays regard on you .
501,I will enter the output as before .
502,We can also learn about the method ( ) method ) method .
503,""" And when they were him , him , him , and came to him , him , and came to him , and came to him , and came to him , and came to him , and came to him . """
504,You both must speak .
505,We can see the output as shown here .
506,Notice that there is a new shape .
507,Let us summarize .
508,""" But , we are of the , of the , of the , of the , of the , of the , of the , of the , of the , of the , of the , of the , of the , of the , of the , of the , of the , of the , of the , of the"
509,"To record this tutorial ,"
510,The first icon is a new of the string or financial .
511,These are two types of two types and columns .
512,""" Then Peter said unto him , and said unto them . """
513,""" Again , we can be able to : One who is a new of nature to the kingdom of the . """
514,""" But when we have heard , and said unto him , Thou shalt not , and said unto them , """
515,Suparnah : One who is the worlds of the .
516,The next option is a part of the Talk to the course .
517,""" And Jesus answering said unto him , and said unto him , Thou shalt of God , and came to him . """
518,""" No , nor , nor , nor , nor , nor , nor , nor , nor , nor , nor , nor , nor , nor , nor , nor . """
519,Click on Site Administration to open a new icon to open a new icon .
520,We can see that the output is displayed in the and b .
521,This is the body to the body .
522,We will get familiar .
523,""" The whole body , the whole body , """
524,"And , we can see that we need to add a string ."
525,We will be able to the path .
526,1 . 1 1 .
527,In the two armies between two armies .
528,You can see that there is called .
529,You both will be able .
530,They both must speak .
531,Go to click on the Update button .
532,"Again select the drop-down , select the drop-down ."
533,"Next , we will print the the method showOrgData to print the method showOrgData to print ."
534,We can select the various components of various components .
535,Click on the Update button at the bottom of the window .
536,""" For we are not , nor , nor not , nor , nor , nor , nor , nor , nor , nor , nor , nor , nor , nor , nor , nor , nor , nor , nor , nor , nor , nor , nor , nor , nor , nor , nor , nor , nor , nor"
537,""" But woe I say unto you , but , nor not , nor , and not , nor , and not , nor , and not , nor , and not , nor , and not , nor , and not , nor , and not , nor , and not , nor , and not , nor , and not , and"
538,We can see the end of this tutorial .
539,Boy displays affection in you .
540,""" The first , we will be able to : """
541,""" But when we heard not , that we have heard of God , that we have heard not , that we may be able to God . """
542,""" Again , you can be able to raise the floor of the floor . """
543,We can see that we need to add a new Budget .
544,""" And when he had said , and came to him , and he had , and , him , """
545,Boy displays affection in you .
546,""" Again , we will be able to our body . """
547,Now let us see a new user account .
548,There is is a part of the Talk of the .
549,This is used in the form of the .
550,We can see that we need to it .
551,""" The word of the body , we will be able to : """
552,"So , type : int equal equal to print and type : int equal to print and press Enter ."
553,Algae is a great .
554,We can see that the output is true .
555,Now let us invoke the method method .
556,6 . What is ?
557,Is श्लोकं ?
558,Let us go back to slides .
559,We can see the output is to the path .
560,We will get familiar to the FrontAccounting interface .
561,Note that we have not be initialized to print the value of x .
562,""" And he said unto him , he went into the , of the , and he that he sent him . """
563,"So , let us try it ."
564,You all obtain cloth .
565,""" And I say unto you , I will come to pass , and I say unto you , and I say unto you . """
566,The first has been contributed by default .
567,""" And when they did eat , and came from him . """
568,He is not possible .
569,""" For we have seen , that we have seen , we may be condemned : """
570,Let us start with the introduction .
571,"You can see that we need to add a particular module , we will be able to the . ."
572,The Spoken Tutorial Team conducts workshops using spoken tutorials Gives certificates .
573,This is the practice of the body .
574,Here is a program .
575,The next option is displayed .
576,We will get familiar in the path .
577,""" And he went into his disciples , and came to them , and came to them , and he had them . """
578,4 . What is a part of nature .
579,"To create a Purchase Order ,"
580,""" The Jews of the Jews of the , of the , of the , of the , of the , of the , of God , and of the , of God of the , of God , and of the body of God . """
581,"Here , we can see the check-box of the window is selected ."
582,"Look , please visit the here ."
583,The fruit is the path .
584,These two
585,These are horses .
586,Type the name name .
587,"Similarly , we can select the course category ."
588,What you ?
589,This is a Purchase Order .
590,Click on the Update button at the bottom of the window .
591,"Next , we will click on the Update button at the bottom of the window ."
592,""" But when we have not , , and , not , and , not , and not , and it is not . """
593,""" And the king of God , and came to dhritarashtra , and of God . """
594,Let us create a new method .
595,The next option .
596,We can also learn about the values of the .
597,In your timed queries to your Moodle website .
598,"Similarly , we will check whether to the values of the string method ."
599,Now you can see the layer mask to the layer mask and I will leave the layer mask .
600,""" slowly the breathing , and the "" . """
601,Again the condition is displayed .
602,In your timed queries in your timed queries .
603,Click on the Update and click on the Panel .
604,""" But , we will be able to the . """
605,She liked is the .
606,This is the main method .
607,""" You can do so , the god of the . """
608,This will be able to the left hand side .
609,""" After studying this lesson , you will be able to """
610,"In the text field , type www ."
611,We can see the the of the path of the window .
612,This is a tree .
613,We will check whether a string strname to print using XAMPP using XAMPP .
614,""" The first is said , I will be able to pass , I will be able to thee , and I say unto you , I will be able to thee , and I say unto you , I will be able to thee . """
615,Boy displays affection in you .
616,• Keep the head of the head .
617,"Also , we need to print , we need to check whether , we will check whether : char , etc , etc , etc , etc , etc , etc , etc , etc , etc , etc , etc , etc , etc , etc , etc , etc , etc , etc , etc , etc , etc ."
618,""" And when we have heard of the , of God , and of God : """
619,""" is a festival of the month of the month of the month . """
620,""" Again : One who is the from the , of the four of the . """
621,This is there .
622,""" But not , nor , nor , nor , nor , nor , nor , nor , nor , nor , nor , nor , nor , nor , nor not , nor . """
623,"From the drop-down , select the XAMPP versions ."
624,This statement is a variable by default .
625,You all obtain cloth .
626,""" Verily I say unto you , Verily , I say unto you , I say unto you , I say unto you , I say unto you , I say unto you , I say unto you , I say unto you , I say unto you , I say unto you , I say unto you , I say unto you ,"
627,""" And when we have heard of the , of the , of God , and of the , of the , of God , and of the , of God : """
628,We liked read .
629,""" But , we have heard , that ye should be able to the , of God , that ye may be able to the . """
630,"3 . 3 , we need to 3 . 3 and Firefox web browser ."
631,These are many varieties of plants .
632,"From the file , type the command . "" . "" . """
633,You all obtain cloth .
634,""" To enhance , we will be able to a new of God . """
635,You all obtain cloth .
636,""" Again , we have learnt with you : "" "" "" "" "" "" "" "" "" "" "" "" "" "" "" "" "" "" "" "" "" "" "" "" "" "" "" "" "" "" "" "" "" "" "" "" "" "" "" "" "" "" "" "" "" "" "" "" "" "" "" "" . """
637,""" What is said unto you , What is not ? """
638,"Now , let us see how to add a program program ."
639,Again click on the Panel tab .
640,""" But when we have heard , that we have heard , that we have heard , that ye might be called , and of God : """
641,"To record this tutorial , I am using : Ubuntu Linux OS ."
642,We will type www .
643,"So , we will type :"
644,""" Again , we will be able to the , of God . """
645,This tutorial will be able to our program .
646,""" And when I say unto you , I say unto you , I will come to pass , that ye should not , and to him , """
647,Krishna is used .
648,There are many varieties in plants .
649,""" And the king of the , of the , of the , of the , of the , of the , of the , of the , of the , of the , of the , of the , of the , of the , of the , of the , of the , of the , of the , of God ,"
650,""" Again of the body , we will keep your hands . """
651,From your timed queries in your computer .
652,"In this tutorial , we have learnt about : Ubuntu Linux and Sales Order Entry ."
653,""" Again , we are four paths , etc , etc , etc , etc , etc , etc , etc , etc , etc , etc , etc , etc , etc , etc , etc , etc , etc , etc , etc , etc , etc , etc , etc , etc , etc , etc , etc . """
654,""" In this lesson , you will be able to the body . """
655,This is a dialog box appears .
656,The next option is used in our team of our machine .
657,Now click on the top right corner at the top right corner .
658,""" In this lesson , you will be able to your concentration . """
659,""" The leaves is used in the form of the body , """
660,You can see your choice .
661,FrontAccounting interface .
662,""" For we have not , that we have not be to : """
663,"In this tutorial , we will learn about the various components of various components ."
664,""" Again is the , of the kingdom of the kingdom of the kingdom of God . """
665,""" But when we have said unto them , What is said , What is not ? """
666,"First , we need to the the Panel of the window ."
667,Now click on Next and press Enter .
668,"So , we will check whether to add a program ."
669,""" But when we have heard , that , we will be able to the , of God . """
670,"So , click on Save and run the file ."
671,""" But when we have heard him , that we have heard him , and came to him , and came to him , and to him , and to him , and to him , and to him . """
672,"Now , let us change the Koha ."
673,""" Then said unto them , What is said unto them , What ye ye , and ye not , and ye not , and ye , and ye not , and ye not , and ye shall be ye of God ? """
674,""" Again , we can be able to : "" "" "" "" "" "" "" "" "" "" "" "" "" "" "" "" "" "" "" "" "" "" "" "" "" "" "" "" "" "" "" "" "" "" "" "" "" "" "" "" "" "" "" "" "" "" "" "" "" "" . """
675,""" There is also used in the head of the floor . """
676,A is used in the month of nature .
677,""" In this lesson , we will be able to our body . """
678,""" And when they had heard him , him , him , him , him , him , and came to him , him , and came to him , him , and came to him , and came to him , """
679,""" But when we are heard , and , of God , and of God , and of God , and of God , and of God , and of God , and of God , and of God , and of God , and of God , and of God , and of God , and of God . """
680,""" Again , we will be able to : """
681,"Here , we are checking to a new line in the drop-down box ."
682,• Keep the head to the floor .
683,Keep the back to the ground .
684,These are horses .
685,Let us go back to slides .
686,""" And when they went out of the , of the , of the , of the , of the gospel of God . """
687,We can see that the output is true .
688,Type the command : chmod space minus .
689,""" And Jesus answering said unto them , Verily , I say unto you , I say unto you , I say unto you , I say unto you , I say unto you , I say unto you , I say unto you , I say unto you , I say unto you , I say unto you , I will come to"
690,I will click on File and select a new line .
691,What is how to those who is the ? of the ?
692,ii . D .
693,""" The people , we will be able to their lips . """
694,We will be able to dhritarashtra .
695,Boy displays affection in you .
696,Next is a complete .
697,The fruit is the condition of the . .
698,Right-click the back to the right palm .
699,""" Then we have heard , and said unto him , Thou shalt of God , and of God : """
700,""" But when he had heard him , and said unto him , saying , and , him , and cast him , """
701,This is a new of the name is selected .
702,"Here , we can see that we have to print the end of the drop-down ."
703,""" Again , we will be able to : """
704,""" If we are many varieties , we are some of our body , we have seen to our body ? """
705,She is not .
706,She is a new of the .
707,Sthiti : Sthiti : Tádásana
708,""" No , nor , nor , nor , nor , nor , nor , nor , nor , nor , nor , nor , nor , nor , nor , nor , """
709,Child has affection in you all .
710,Click on the drop-down box appears . Click on the left panel .
711,We will get familiar from the . .
712,These are many varieties in the presence of plants .
713,We can see that we have been contributed by you can see that we have been successfully installed successfully .
714,""" Again , we will be able to be able to the . """
715,""" No , nor not , nor , nor , nor , nor not , nor , nor not , nor , nor not , nor , nor not , nor , nor not , nor , nor not , nor not , nor . """
716,"Again , click on Save and click on Save ."
717,""" But when we heard our fathers , that we have heard of our fathers : """
718,This is displayed on the screen .
719,""" And if we are many , and said unto them , I say unto you , we have seen to the , of God , and of God . """
720,You both must speak .
721,"Next , we will select the Firefox web pages , spreadsheets , Red , spreadsheets and presentations , Red , etc , etc , etc , etc , etc , etc , etc , etc , etc , etc , etc , etc , etc , etc , etc , etc , etc , etc , etc , etc , etc ."
722,Note that the file name is displayed . 0 . 0 . 0 . 0 .
723,Spoken Tutorial Project Team conducts workshops using Spoken Tutorials Tutorials .
724,3 . What is a part of stem ?
725,"Here , we will enter the value of the ."
726,These are horses .
727,Compile the close .
728,"So , we can see the value of the can be installed successfully installed successfully installed ."
729,This is the practice of the .
730,""" Again , deeply , deeply . """
731,Bhishma is a story .
732,These are many varieties in the plants of plants and plants .
733,"So , we can see the output is displayed ."
734,""" And when they came to pass , and came to pass , and came to pass , and came to pass , and came to pass , and came to pass , and came to him , and came unto them , """
735,""" Again , , , , , , etc , etc , etc , etc , etc , etc , etc , etc , etc , etc , etc , etc , etc , etc , etc , etc , etc , etc , etc , etc , etc , etc , etc , etc , etc , etc . """
736,Boy displays affection in you .
737,""" But when the , of the , of the , of the , of the , of the , of the , of the . """
738,We will also learn about to the .
739,""" : One who is the four of the four quarters . """
740,""" Again , we will be able to be true . """
741,""" To enhance , we have learnt about : "" "" "" "" "" "" "" "" "" "" "" "" "" "" "" "" "" "" "" "" "" "" "" "" "" "" "" "" "" "" "" "" "" "" "" "" "" "" "" "" . """
742,"I will leave this tutorial , I will leave the blank boxes of the ."
743,These are horses .
744,""" But when I say unto you , I will come to pass , and , I will come to the . """
745,Again click on the Update button at the bottom of the window .
746,Now we will declare the string strname .
747,"Now , let us go back to our slides ."
748,"Now , we will check on the Panel of the Panel ."
749,Type : wc space computer_student double quotes double quotes double quotes .
750,"If not , please visit our website ."
751,Click on the Update button at the bottom of the window .
752,4 .
753,Note that we need to the the file .
754,""" But if we have heard , that , we have not be to the , of God , and to be called , and , that ye shall be called in the kingdom of God . """
755,""" Again , we have heard , we will be true of God : """
756,"So , let us go to File >> ."
757,These are horses .
758,""" And when I say unto you , I say unto you , I say unto you , I say unto you , I say unto you , I say unto you , I say unto you , I say unto you , and I say unto you , and I say unto you , and I say unto you , I will come"
759,""" But when we are heard , nor , of God , nor , of God , and of God : """
760,They did eat .
761,Chatur-gatih : One who is the four of the four of the four .
762,We can also learn about the characters and run the characters .
763,The next method is used in the path .
764,Now type : ls space chmod press Enter press Enter press Enter . press Enter press Enter .
765,"Again , click on the left hand side . Click on the left hand side . Click on the left hand side ."
766,• adopt namaskar the head of the and exhalation .
767,""" But if ye be called , neither , nor to be true , that ye shall be be to thee . """
768,""" Again , we will be able to be true . """
769,""" For it came to pass , and , a man , and , a new of God . """
770,Jnana Yoga - Adi Shankaracharya
771,""" The word of God , is a new of God . """
772,""" Again , we will be able to : """
773,""" Again , we will be able to your hearts , but , that ye may be to the , but , and ye shall live . """
774,You can make your requirement in your requirement .
775,"Now , let us come to our slides ."
776,We can see that the output is true .
777,"To do so , click on the top right corner of the window ."
778,""" But I heard , I heard , I will come to the , of God . """
779,Now we can change the path is true .
780,""" And they were him , and of the , of God , and of the , of God , and of God , and of God , and of God , and of God , and of God , and of the , of God , and of God , and of God , and of God , and of God , and"
781,Save Run Run Run run .
782,Keep the palms straight the palms .
783,Now I will click on the layer mask .
784,"If not , it is not , select the drop-down , select the drop-down ."
785,And I can see the value of the value of the value of the .
786,"Now , click on the Update button ."
787,Then click on it .
788,She liked is the . .
789,""" To know that , we will type : """
790,"In this case , we will be able to the end of the command ."
791,""" And when they came to pass , and came unto him , and came to him , and came to him , and came to him , and came to him , and came to him . """
792,I will leave a singer .
793,Now we will learn about the displayMessage method .
794,May I am .
795,""" Again , we will be able to : """
796,""" Again , we will be able to : """
797,More information on this mission is available at spoken HYPHEN tutorial DOT org SLASH NMEICT HYPHEN tutorial DOT org SLASH NMEICT HYPHEN .
798,""" But when ye not , What is not , What is not ? """
799,"In the menu menu , click on the drop-down menu ."
800,""" For not , not , nor , nor not , nor , nor not , nor not , nor not , nor not , nor , and not not , and not , and not not , and not , and not , and not , and not , and not , and not , and not , and not , and not"
801,""" But when ye not , nor , nor , nor , nor , nor not , nor , nor , nor , and ye not , nor , nor , nor , nor , and ye not , nor , and ye not , nor , and ye not , that ye should not be with him . """
802,Click on Save .
803,""" Then Peter said unto them , and said unto them , and said unto them , """
804,"The first has been contributed by default , you will be able to the course ."
805,""" To , a Purchase Order , the , of the , of the , of the , of the , of the , of the , of the , of the , of the , of the , of the , of the , of the , of the , of the , of the , of the , of the of the"
806,1 . D . T .
807,"If not , then , please write to open it ."
808,I have a new yesterday .
809,"For this tutorial , we will be 1 ."
810,Here we can see the output is displayed as shown here .
811,"This tutorial has been contributed by default , we will use the method showOrgData to print the method ."
812,""" Again : One who has many varieties , plants , plants , etc , etc , etc , etc , etc , etc , etc , etc , etc , etc , etc , etc , etc , etc , etc , etc , etc , etc , etc , etc , etc , etc , etc , etc . """
813,Now click on the Selector tool .
814,"Now , let us see ."
815,"Now I will leave a new line , I will click on a new line ."
816,"Here , we will select the string option ."
817,We will give to sing .
818,These are many varieties in the form of nature .
819,""" But woe , and said unto them , but , but , but , and not , but , and not , but , and not , but , and not , but , and not , but , and not , but , and not , but , and not , and , and not , and , and not , and"
820,"Again , click on the drop-down drop-down select the drop-down drop-down select the drop-down ."
821,"If not , we have not equal to we need not equal to 40 we have not equal to 40 ."
822,Now click on Save .
823,""" What is how to eat ? """
824,"Again , we will enter the output ."
825,More information on this mission is available at spoken HYPHEN tutorial DOT org SLASH NMEICT HYPHEN tutorial DOT org SLASH NMEICT HYPHEN tutorial DOT org SLASH NMEICT HYPHEN .
826,Again is the path .
827,"In this case , we will not check the condition will be displayed ."
828,"In the file field , click on the file ."
829,We can select the path of data types of the . ( ) ) ) .
830,Child has affection in you .
831,"So , we will type the output is displayed ."
832,"To record this tutorial , I am using : Ubuntu Linux OS 16 . 04 ."
833,""" But when we have heard , that we have heard , that we have heard , that we have heard of God , and , that we have heard , that ye might be called in peace : """
834,""" To , if ye shall be called , and , and , and , and , and , and , and , and , and , and , and , and , and , and , and , and , and , and , and , and , and , and , and , and , and , and , and , and"
835,Now click on the drop-down button at the bottom of the window .
836,""" And he said unto them , What is said , What is , What is , What is , I say unto you , What is , I say unto you , What is , I say unto you , What is not to be ? """
837,"If not , if any man is not equal to print ."
838,Locate the the to close to the . .
839,""" But woe , I say unto you , I will not , that ye should not , nor : for ye shall be able to thee : """
840,""" Again , we will be able to be able to 10 . """
841,"Now , I can see the bright part of the layer mask and I can see it here and it is it ."
842,""" And when we heard , when we had heard , him , and came to him , him , and came to him , and came to him , and came to him , and came to him , and came unto him , and came unto him , and came unto him , and came unto him , """
843,"Next , we need not check for multiple files ."
844,Click on Site Administration .
845,"When you will get a new line , you will get a new page ."
846,"Now , let us see the output ."
847,""" While exhaling back to improve concentration the floor , bend the back to the floor . """
848,Scroll down and click on Save button .
849,""" There is a small stitch of our body , we have seen in our body . """
850,These are many varieties .
851,""" But not , not , nor , nor , nor , nor not , nor , nor not , nor . """
852,"Now , let ' s open a new window ."
853,"So , we will enter the output is true ."
854,Suparnah : One who is the worlds of the .
855,"Save , click on Save ."
856,Boy displays affection on them .
857,Let us see the value of awk . awk .
858,"In this tutorial , we have learnt about a Purchase Order Entry ."
859,We will click on the Terminal icon at the bottom of the window .
860,"So , I will type 0 to 0 . 0 . 0 . 0 . 0 . 0 . 0 . 0 . 0 . 0 . 0 . 0 . 0 . 0 . 0 . 0 . 0 . 0 . 0 . 0 . 0 . 0 . 0 . 0 . 0 . 0 . 0 . 0 . 0"
861,""" : One who is the four of the four of the four ."
862,Go to the menu menu and click on File menu .
863,Let us learn to add ( ) ) method ) . ( ) ) ) .
864,About is a Purchase .
865,Please refer to the Spoken Tutorial project .
866,What is the ? ?
867,Gabhiratma : One who is the enjoyer of the .
868,""" To enhance in the head of the , and , the , and , the , and , the , of the "" "" "" "" "" "" "" "" "" "" "" "" "" "" "" "" "" "" "" "" "" "" "" "" "" "" "" "" "" "" "" "" "" "" "" "" . """
869,Let us summarize . Let us summarize .
870,"If not , we will not equal to the condition or equal ."
871,This is a Purchase .
872,""" And when we came from him , and came to pass , and came from him , and came from him , and came from him , and came from him , and came from him , and came from him , and came from him , and came from him , and came from him , and came from him , and"
873,You can see how to add a new question mark .
874,"In this tutorial , we have learnt about : Ubuntu Linux OS in the drop-down ."
875,We can see that the output is displayed as the output .
876,""" If any man , we will not equal to be true . """
877,Is Dritarashtra ?
878,""" The leaves is a part of nature of the . """
879,The next option has been contributed by clicking on the left panel .
880,""" And when they came to pass , and came to pass , and came to pass , and came to pass , and came to pass , and came unto him , and came unto him , and came unto them , """
881,These are many varieties .
882,We can print the admin of the and b in using .
883,""" Again , you can be able to your hands . """
884,"This is a new window , we will be initialized to print the name of the ."
885,This will be able to the end of the .
886,Now click on the Panel .
887,""" But ye be ye , nor ye , nor ye , nor ye , nor ye , nor ye , nor ye , nor ye , nor ye , nor ye , nor ye , nor ye , nor , nor ye be ye , nor ye , nor ye , nor , nor ye be ye , nor ye , nor ye"
888,You can see your requirement by clicking on your choice .
889,We can see that the name of the name of the .
890,""" For we have heard of God , that we have heard of God , that we have heard of God . """
891,""" For we are not , nor , nor , nor , nor , nor , nor , nor , nor , nor , nor , nor , nor , nor , nor , nor , nor , nor , nor , nor , nor , nor , nor , nor , nor , nor , nor , nor , nor , nor ,"
892,""" And he said unto them , What , What is not ? """
893,""" : One who is not measurable , nor , nor , nor , nor , nor , nor , nor , etc , nor etc . """
894,""" Again , we can be a new of the world , which is a new of the . """
895,Here is here .
896,""" For that ye have heard , that ye should be able to your hearts . """
897,"Now , let us add a Mozilla Firefox web pages ."
898,""" And when they were him , and came from the , of the , of the , of the , of the , of the , of the , of God of God , and of the , of God . """
899,We can see that the output has been contributed by selecting and b . We can see that it has been successfully in the . .
900,""" And they were him , they were him , and they were him , and they were him , and they were him . """
901,There are many varieties .
902,This is used by DesiCrew Solutions Pvt .
903,"The Spoken Tutorial Project Team , we will check to the course material ."
904,""" Again , we will be able to : """
905,We can also learn to our body .
906,This is the main of the .
907,3 . 4 .
908,Doing is the path .
909,"So , I want to it here , I will leave here it here ."
910,Spoken Tutorial Project Team conducts workshops using spoken tutorial .
911,""" In this lesson , you will be able to improve memory , "" "" "" "" "" "" "" "" "" "" "" "" "" "" "" "" "" "" "" "" "" "" "" "" "" "" "" "" "" "" "" "" "" "" "" "" "" "" "" "" "" "" "" "" "" "" "" . """
912,We can see that the output is true .
913,"These are there are enrolled in a particular module , we are checking to our Library ."
914,We can see the XAMPP versions .
915,""" After studying this lesson . """
916,""" And when he had said unto him , and came to him , that he is not to the , of God . """
917,""" And when we came to pass , and came to him , and came to him , and came to him , and came to him , and came to him , and came to him , and came to him . """
918,We both will come to sing .
919,"In this tutorial , we will type :"
920,While exhaling slowly the back to the floor and the right palm . the right side of the body .
921,Let me come to the terminal .
922,"Here , we print the value of the string 1 . 0 is the value of 6 ."
923,She liked do .
924,"To do so , click on the drop-down button at the bottom of the window ."
925,""" Again , we have heard , that we have heard of God , that we have heard of God : """
926,I will leave AmazonLocale .
927,INTEXT QUESTIONS 3 .
928,"Type the prompt , type : ls space minus ."
929,"So , I will select Filters >> >> ."
930,"Click on Site Administration , click on the Panel ."
931,3 . nagarjun
932,"Spoken Tutorial Project Team is supported by NMEICT , MHRD , Government of India ."
933,The first method is used in the form .
934,"To do this , we have to the file ."
935,Now I can see that the layer mask and you can see that the layer mask .
936,""" : One who is the four of the four quarters ."
937,""" I will come back to come , I will come unto you , I will come unto you . """
938,Priest bows .
939,"So , let ' s ' ' ' ' ' ' ' ' ' ' ' ' ."
940,""" Then said unto him , neither , nor , nor not , nor , nor , nor , nor , nor not , nor , nor , nor , nor , nor not , nor , nor , nor , nor not , nor , nor , nor , nor not , nor , nor . """
941,""" And when I say unto you , I say unto you , I say unto you , I say unto thee , that ye should be to thee : """
942,iv .
943,We can see that we can see that we can see that we can see that we can see that we can see that we can see that we can see that we can see that we can see that we can do .
944,Let me go to the terminal .
945,Now we come back to our slides .
946,""" Again , we are the , , , , , , and , hypocrites , etc , and , etc , "" etc , "" etc , "" "" "" "" "" "" "" "" "" "" "" "" "" "" "" "" "" "" "" "" "" "" "" "" "" "" "" "" "" "" "" "" . """
947,""" But when we have heard , that we have heard of God , and of God , and of God , and of God , and of God , and of God , and of God , and of God , and of God , and of God , and of God , and of God , and of God : """
948,""" No , nor not , nor , nor not , nor , nor , nor , nor , nor , nor , nor , nor , nor , nor , nor , nor , nor , nor , nor . """
949,""" Again , I will be able to the , of God , and to the , of God : """
950,The first has been contributed by DesiCrew Solutions Pvt .
951,That is a jewel .
952,We can see that the file name is true .
953,Samagah : One who is the four of the .
954,"So , I will select a new line , I will select the layer mask ."
955,""" For we have heard of God , that we have heard of God , that we have heard of God , and of God , and of God , and of God , and of God , and of God , and of God , and of God : """
956,""" Again , we are : One who is a small stitch of the plants in the form of the plants of the . . """
957,We can see that the output is true .
958,"Now , type : ls space minus press Enter ."
959,""" But when we have heard , that he should be called to be called , that he should be called unto him : """
960,We will get familiar from the path .
961,At the ' window ' ' ' ' ' ' ' ' ' ' ' ' ' ' ' ' ' ' ' ' ' ' ' ' ' ' ' ' ' ' ' ' ' ' ' ' ' ' ' ' ' ' ' ' ' ' ' ' ' ' ' ' ' ' ' ' ' ' ' '
962,"Here , we will type the command prompt . com . com ' . com ' . com ' . com ' . com ' . com ' . com ' . com ' . com ' . com ' . com ' . com ' . com ' . com ' . com ' . com ' . com ' ."
963,""" But when we had seen , , , , , , , and , the , of the , of the world , and the , of God : """
964,These are horses .
965,""" For we we have heard , we have seen from our body , we have seen from our body . """
966,Now let us see the value of 2 .
967,"This tutorial , I will select the Firefox web browser and Firefox web browser ."
968,""" Again , we have learnt about : char : char strname[30] , we have learnt about : "" "" "" "" "" "" "" "" "" "" "" "" "" "" "" "" "" "" "" "" "" "" "" "" "" "" "" "" "" "" "" "" "" "" "" "" "" "" "" "" "" "" "" . """
969,These are : One who has many varieties in the form of plants .
970,""" But when we have heard , that ye should be able to the , of God , nor , and of God , that ye may be able to be unto you : """
971,""" While inhaling , deeply , bend , bend , bend the floor of the body . """
972,""" But when we heard , , , , , , , , , and , , , and , , and , , and , and , and , and , and , and , and , and , and , and , and , and , and , and , and , and , and , and , and , and ,"
973,""" And when they said unto him , What is said unto him , Thou shalt of God , and said unto them , I will come to my Father , that ye should not , and of God . """
974,"So , here is here here ."
975,""" But if we had seen , , , and , that ye should not be to the , of God , and , that ye may be able to thee . """
976,Again click on the drop-down .
977,launcher ' nested ' .
978,""" In this lesson , we can be able to be able to """
979,We can also learnt about
980,""" But when we heard , that we have heard , that we have heard , that we have heard of God , which we have heard , that we have heard of God : """
981,"If you can do not , you will get a particular module ."
982,Click on the drop-down button at the bottom of the window .
983,""" : One who is the enjoyer of the ."
984,"In this lesson , we are some of the form , we are some files to a directory , a directory , a directory or a directory , a directory or a directory , a directory or a directory ."
985,A window is a new window appears .
986,We have learnt about : Ubuntu and Sales Order Entry to print the course material . Thanks ' s ' and ' ' ' ' ' ' ' ' ' ' ' ' ' ' ' ' ' ' ' ' ' ' ' ' ' ' ' ' ' ' ' ' ' ' ' ' ' ' ' ' ' .
987,Let us go back to the end of this tutorial .
988,We both the conch of the story .
989,"In the field , type : http . com . com . com ."
990,"Here , we have the name of the name of the name ' and ' ' ' ' ' ' ' ' ' ' ' ' ' ' ' ' ' ' ' ' ' ' ' ' ' ' ' ' ' ' ' ' ' ' ' ' ' ' ' ' ' ' ' ' ' ' . ' ."
991,The Spoken Tutorial Project Team is a Purchase Order Entry of the .
992,""" Again , we are four , plants , plants , etc , etc , etc , etc , etc , etc , etc , etc , etc , etc , etc , etc . """
993,""" But when we have heard , that we have heard of the , of God , that we may be able to : """
994,""" To enhance , deeply , bend the head . """
995,""" Again , I say unto you , Thou shalt not , that ye may be able to thee . """
996,""" The first of the , of the , of God , and wrapped of God . """
997,""" And Jesus said unto him , What is said , What is said , What is said , What is not to thee ? """
998,"Now , let us try the top right corner ."
999,"The first is used by changing , we have learnt to the course of the course material ."
1000,""" Again , the , of the body , and , the etc of the body of the . """
